,Title,URL,ID,BERT label,BERT label words,TFIDF label,TFIDF label words,BERT + TFIDF label,BERT + TFIDF label words,Comment Count,Time elapsed (mins),Upvotes,Upvote Ratio
Post 1,end of lecture on last day of classes be like,https://www.reddit.com/r/Cornell/comments/kdstyx/end_of_lecture_on_last_day_of_classes_be_like/,kdstyx,3,"[('i', 9), ('get', 5), ('still', 4), ('classes', 3), ('how', 3), ('right', 2), ('don’t', 2), ('academic', 2), ('cornell', 2), ('-', 2)]",8,"[('classes', 4), ('cornell', 4), ('i', 3), ('end', 2), ('like', 2), ('right', 2), ('lecture', 1), ('last', 1), ('day', 1), ('olive', 1)]",3,"[('i', 9), ('get', 5), ('still', 4), ('classes', 3), ('how', 3), ('right', 2), ('don’t', 2), ('academic', 2), ('cornell', 2), ('-', 2)]",4,133.0,342,1.0
Post 2,Will this semester's COVID-19 surveillance tests be curved?,https://www.reddit.com/r/Cornell/comments/kdvj8p/will_this_semesters_covid19_surveillance_tests_be/,kdvj8p,3,"[('i', 9), ('get', 5), ('still', 4), ('classes', 3), ('how', 3), ('right', 2), ('don’t', 2), ('academic', 2), ('cornell', 2), ('-', 2)]",-1,"[('i', 6), ('due', 2), ('still', 2), ('get', 2), ('will', 1), (""semester's"", 1), ('covid-19', 1), ('surveillance', 1), ('tests', 1), ('curved?', 1)]",3,"[('i', 9), ('get', 5), ('still', 4), ('classes', 3), ('how', 3), ('right', 2), ('don’t', 2), ('academic', 2), ('cornell', 2), ('-', 2)]",8,267.0,207,0.99
Post 3,Thanks Martha,https://i.redd.it/3kmk7fu8zh561.jpg,ke4ewx,-1,"[('to', 3), ('i', 2), ('how', 2), ('cornell', 2), ('lab', 2), ('cs', 2), ('thanks', 1), ('martha', 1), ('that’s', 1), ('b', 1)]",0,"[('how', 2), ('lab', 2), ('thanks', 1), ('martha', 1), ('brought', 1), ('damaged', 1), ('cornea.', 1), (""don't"", 1), ('look', 1), ('light...', 1)]",-1,"[('to', 3), ('i', 2), ('how', 2), ('cornell', 2), ('lab', 2), ('cs', 2), ('thanks', 1), ('martha', 1), ('that’s', 1), ('b', 1)]",3,810.0,179,1.0
Post 4,Brought to you by my damaged Cornea. Don't look into the light...,https://i.redd.it/xf8wwjdwte561.jpg,kdtob0,3,"[('i', 9), ('get', 5), ('still', 4), ('classes', 3), ('how', 3), ('right', 2), ('don’t', 2), ('academic', 2), ('cornell', 2), ('-', 2)]",0,"[('how', 2), ('lab', 2), ('thanks', 1), ('martha', 1), ('brought', 1), ('damaged', 1), ('cornea.', 1), (""don't"", 1), ('look', 1), ('light...', 1)]",3,"[('i', 9), ('get', 5), ('still', 4), ('classes', 3), ('how', 3), ('right', 2), ('don’t', 2), ('academic', 2), ('cornell', 2), ('-', 2)]",1,173.0,142,0.99
Post 5,that’s how it b,https://www.reddit.com/gallery/keaugg,keaugg,-1,"[('to', 3), ('i', 2), ('how', 2), ('cornell', 2), ('lab', 2), ('cs', 2), ('thanks', 1), ('martha', 1), ('that’s', 1), ('b', 1)]",0,"[('how', 2), ('lab', 2), ('thanks', 1), ('martha', 1), ('brought', 1), ('damaged', 1), ('cornea.', 1), (""don't"", 1), ('look', 1), ('light...', 1)]",-1,"[('to', 3), ('i', 2), ('how', 2), ('cornell', 2), ('lab', 2), ('cs', 2), ('thanks', 1), ('martha', 1), ('that’s', 1), ('b', 1)]",5,1295.0,183,0.99
Post 6,Should I take the 2110 final?,https://www.reddit.com/r/Cornell/comments/ke1n0c/should_i_take_the_2110_final/,ke1n0c,3,"[('i', 9), ('get', 5), ('still', 4), ('classes', 3), ('how', 3), ('right', 2), ('don’t', 2), ('academic', 2), ('cornell', 2), ('-', 2)]",12,"[('2110', 2), ('should', 1), ('i', 1), ('take', 1), ('final?', 1), ('cs', 1), ('outside', 1), ('ece', 1), ('elective', 1)]",3,"[('i', 9), ('get', 5), ('still', 4), ('classes', 3), ('how', 3), ('right', 2), ('don’t', 2), ('academic', 2), ('cornell', 2), ('-', 2)]",13,616.0,80,0.91
Post 7,"5 problem sets, 1 final project due tomorrow",https://www.reddit.com/r/Cornell/comments/kdw909/5_problem_sets_1_final_project_due_tomorrow/,kdw909,-1,"[('to', 3), ('i', 2), ('how', 2), ('cornell', 2), ('lab', 2), ('cs', 2), ('thanks', 1), ('martha', 1), ('that’s', 1), ('b', 1)]",-1,"[('i', 6), ('due', 2), ('still', 2), ('get', 2), ('will', 1), (""semester's"", 1), ('covid-19', 1), ('surveillance', 1), ('tests', 1), ('curved?', 1)]",-1,"[('to', 3), ('i', 2), ('how', 2), ('cornell', 2), ('lab', 2), ('cs', 2), ('thanks', 1), ('martha', 1), ('that’s', 1), ('b', 1)]",11,305.0,54,0.98
Post 8,Mr. squiggles and co wants you to remember to be kind to yourself!,https://www.reddit.com/gallery/kdvpff,kdvpff,3,"[('i', 9), ('get', 5), ('still', 4), ('classes', 3), ('how', 3), ('right', 2), ('don’t', 2), ('academic', 2), ('cornell', 2), ('-', 2)]",2,"[('to', 2), ('mr.', 1), ('squiggles', 1), ('co', 1), ('wants', 1), ('remember', 1), ('kind', 1), ('yourself!', 1), ('i', 1), ('want', 1)]",3,"[('i', 9), ('get', 5), ('still', 4), ('classes', 3), ('how', 3), ('right', 2), ('don’t', 2), ('academic', 2), ('cornell', 2), ('-', 2)]",8,275.0,54,0.92
Post 9,F in chat for Dr. Haskins,https://www.reddit.com/r/Cornell/comments/kdyx6w/f_in_chat_for_dr_haskins/,kdyx6w,2,"[('f', 1), ('chat', 1), ('dr.', 1), ('haskins', 1), ('any', 1), ('psychiatrists', 1), ('immediate', 1), ('open', 1), ('appointment', 1), ('time?', 1)]",0,"[('how', 2), ('lab', 2), ('thanks', 1), ('martha', 1), ('brought', 1), ('damaged', 1), ('cornea.', 1), (""don't"", 1), ('look', 1), ('light...', 1)]",2,"[('f', 1), ('chat', 1), ('dr.', 1), ('haskins', 1), ('any', 1), ('psychiatrists', 1), ('immediate', 1), ('open', 1), ('appointment', 1), ('time?', 1)]",3,454.0,47,1.0
Post 10,I like olive oil,https://www.reddit.com/r/Cornell/comments/ke1qvb/i_like_olive_oil/,ke1qvb,-1,"[('to', 3), ('i', 2), ('how', 2), ('cornell', 2), ('lab', 2), ('cs', 2), ('thanks', 1), ('martha', 1), ('that’s', 1), ('b', 1)]",8,"[('classes', 4), ('cornell', 4), ('i', 3), ('end', 2), ('like', 2), ('right', 2), ('lecture', 1), ('last', 1), ('day', 1), ('olive', 1)]",-1,"[('to', 3), ('i', 2), ('how', 2), ('cornell', 2), ('lab', 2), ('cs', 2), ('thanks', 1), ('martha', 1), ('that’s', 1), ('b', 1)]",22,623.0,45,0.98
Post 11,How to be less ugly?,https://www.reddit.com/r/Cornell/comments/ke1i76/how_to_be_less_ugly/,ke1i76,-1,"[('to', 3), ('i', 2), ('how', 2), ('cornell', 2), ('lab', 2), ('cs', 2), ('thanks', 1), ('martha', 1), ('that’s', 1), ('b', 1)]",0,"[('how', 2), ('lab', 2), ('thanks', 1), ('martha', 1), ('brought', 1), ('damaged', 1), ('cornea.', 1), (""don't"", 1), ('look', 1), ('light...', 1)]",-1,"[('to', 3), ('i', 2), ('how', 2), ('cornell', 2), ('lab', 2), ('cs', 2), ('thanks', 1), ('martha', 1), ('that’s', 1), ('b', 1)]",14,607.0,41,0.86
Post 12,Who else stress eats?,https://www.reddit.com/r/Cornell/comments/ke4mxt/who_else_stress_eats/,ke4mxt,-1,"[('to', 3), ('i', 2), ('how', 2), ('cornell', 2), ('lab', 2), ('cs', 2), ('thanks', 1), ('martha', 1), ('that’s', 1), ('b', 1)]",0,"[('how', 2), ('lab', 2), ('thanks', 1), ('martha', 1), ('brought', 1), ('damaged', 1), ('cornea.', 1), (""don't"", 1), ('look', 1), ('light...', 1)]",-1,"[('to', 3), ('i', 2), ('how', 2), ('cornell', 2), ('lab', 2), ('cs', 2), ('thanks', 1), ('martha', 1), ('that’s', 1), ('b', 1)]",5,828.0,39,0.99
Post 13,Classes @ Cornell,https://www.reddit.com/r/Cornell/comments/kdvvav/classes_cornell/,kdvvav,-1,"[('to', 3), ('i', 2), ('how', 2), ('cornell', 2), ('lab', 2), ('cs', 2), ('thanks', 1), ('martha', 1), ('that’s', 1), ('b', 1)]",8,"[('classes', 4), ('cornell', 4), ('i', 3), ('end', 2), ('like', 2), ('right', 2), ('lecture', 1), ('last', 1), ('day', 1), ('olive', 1)]",-1,"[('to', 3), ('i', 2), ('how', 2), ('cornell', 2), ('lab', 2), ('cs', 2), ('thanks', 1), ('martha', 1), ('that’s', 1), ('b', 1)]",0,284.0,32,0.9400000000000001
Post 14,Am I right to be star struck by Cornell?,https://www.reddit.com/r/Cornell/comments/kdt9l2/am_i_right_to_be_star_struck_by_cornell/,kdt9l2,3,"[('i', 9), ('get', 5), ('still', 4), ('classes', 3), ('how', 3), ('right', 2), ('don’t', 2), ('academic', 2), ('cornell', 2), ('-', 2)]",8,"[('classes', 4), ('cornell', 4), ('i', 3), ('end', 2), ('like', 2), ('right', 2), ('lecture', 1), ('last', 1), ('day', 1), ('olive', 1)]",3,"[('i', 9), ('get', 5), ('still', 4), ('classes', 3), ('how', 3), ('right', 2), ('don’t', 2), ('academic', 2), ('cornell', 2), ('-', 2)]",5,152.0,32,0.97
Post 15,Still don’t have an internship (CS),https://www.reddit.com/r/Cornell/comments/kdryeq/still_dont_have_an_internship_cs/,kdryeq,3,"[('i', 9), ('get', 5), ('still', 4), ('classes', 3), ('how', 3), ('right', 2), ('don’t', 2), ('academic', 2), ('cornell', 2), ('-', 2)]",11,"[('1110', 2), ('still', 1), ('don’t', 1), ('internship', 1), ('(cs)', 1), ('cs', 1), ('enrollment', 1), ('which', 1), ('easier?', 1), ('math', 1)]",3,"[('i', 9), ('get', 5), ('still', 4), ('classes', 3), ('how', 3), ('right', 2), ('don’t', 2), ('academic', 2), ('cornell', 2), ('-', 2)]",12,89.0,31,0.9500000000000001
Post 16,Please consider sharing your academic experience at Cornell this semester - these responses will be kept confidential but will be used to prepare feedback for the Vice Provost of undergraduate education and Cornell leadership early tomorrow morning. 2-4 minute survey.,https://forms.gle/h9pYYsyiu4S1Nm4d9,ke33m8,3,"[('i', 9), ('get', 5), ('still', 4), ('classes', 3), ('how', 3), ('right', 2), ('don’t', 2), ('academic', 2), ('cornell', 2), ('-', 2)]",8,"[('classes', 4), ('cornell', 4), ('i', 3), ('end', 2), ('like', 2), ('right', 2), ('lecture', 1), ('last', 1), ('day', 1), ('olive', 1)]",3,"[('i', 9), ('get', 5), ('still', 4), ('classes', 3), ('how', 3), ('right', 2), ('don’t', 2), ('academic', 2), ('cornell', 2), ('-', 2)]",1,713.0,26,0.9400000000000001
Post 17,Tips for being productive while suffering from poor mental health?,https://www.reddit.com/r/Cornell/comments/kdx0ib/tips_for_being_productive_while_suffering_from/,kdx0ib,-1,"[('to', 3), ('i', 2), ('how', 2), ('cornell', 2), ('lab', 2), ('cs', 2), ('thanks', 1), ('martha', 1), ('that’s', 1), ('b', 1)]",0,"[('how', 2), ('lab', 2), ('thanks', 1), ('martha', 1), ('brought', 1), ('damaged', 1), ('cornea.', 1), (""don't"", 1), ('look', 1), ('light...', 1)]",-1,"[('to', 3), ('i', 2), ('how', 2), ('cornell', 2), ('lab', 2), ('cs', 2), ('thanks', 1), ('martha', 1), ('that’s', 1), ('b', 1)]",8,346.0,26,0.96
Post 18,How do you deal with burnout?,https://www.reddit.com/r/Cornell/comments/ke1gbd/how_do_you_deal_with_burnout/,ke1gbd,3,"[('i', 9), ('get', 5), ('still', 4), ('classes', 3), ('how', 3), ('right', 2), ('don’t', 2), ('academic', 2), ('cornell', 2), ('-', 2)]",0,"[('how', 2), ('lab', 2), ('thanks', 1), ('martha', 1), ('brought', 1), ('damaged', 1), ('cornea.', 1), (""don't"", 1), ('look', 1), ('light...', 1)]",3,"[('i', 9), ('get', 5), ('still', 4), ('classes', 3), ('how', 3), ('right', 2), ('don’t', 2), ('academic', 2), ('cornell', 2), ('-', 2)]",2,604.0,27,1.0
Post 19,A Tragic End,https://www.reddit.com/r/Cornell/comments/kdr8t8/a_tragic_end/,kdr8t8,-1,"[('to', 3), ('i', 2), ('how', 2), ('cornell', 2), ('lab', 2), ('cs', 2), ('thanks', 1), ('martha', 1), ('that’s', 1), ('b', 1)]",8,"[('classes', 4), ('cornell', 4), ('i', 3), ('end', 2), ('like', 2), ('right', 2), ('lecture', 1), ('last', 1), ('day', 1), ('olive', 1)]",-1,"[('to', 3), ('i', 2), ('how', 2), ('cornell', 2), ('lab', 2), ('cs', 2), ('thanks', 1), ('martha', 1), ('that’s', 1), ('b', 1)]",9,55.0,21,0.92
Post 20,Cornell Tech Covid testing logic,https://www.reddit.com/r/Cornell/comments/kdx9r8/cornell_tech_covid_testing_logic/,kdx9r8,-1,"[('to', 3), ('i', 2), ('how', 2), ('cornell', 2), ('lab', 2), ('cs', 2), ('thanks', 1), ('martha', 1), ('that’s', 1), ('b', 1)]",8,"[('classes', 4), ('cornell', 4), ('i', 3), ('end', 2), ('like', 2), ('right', 2), ('lecture', 1), ('last', 1), ('day', 1), ('olive', 1)]",-1,"[('to', 3), ('i', 2), ('how', 2), ('cornell', 2), ('lab', 2), ('cs', 2), ('thanks', 1), ('martha', 1), ('that’s', 1), ('b', 1)]",1,360.0,20,1.0
Post 21,BIOMG 3310 Final Prelim,https://www.reddit.com/r/Cornell/comments/ke0sx4/biomg_3310_final_prelim/,ke0sx4,1,"[('biomg', 2), ('prelim', 2), ('3310', 1), ('final', 1), ('2800', 1), ('third', 1), ('prelim...', 1), ('aem2100', 1), ('3', 1)]",9,"[('biomg', 2), ('prelim', 2), ('3310', 1), ('final', 1), ('2800', 1), ('third', 1), ('prelim...', 1), ('aem2100', 1), ('3', 1)]",1,"[('biomg', 2), ('prelim', 2), ('3310', 1), ('final', 1), ('2800', 1), ('third', 1), ('prelim...', 1), ('aem2100', 1), ('3', 1)]",4,565.0,17,1.0
Post 22,Math 2210,https://www.reddit.com/r/Cornell/comments/ke0e41/math_2210/,ke0e41,0,"[('phys', 2), ('math', 1), ('2210', 1), ('2207', 1), ('final', 1), ('1112', 1), ('grades', 1), ('econ', 1), ('3110', 1), ('spot', 1)]",10,"[('math', 2), ('2210', 1), ('rip', 1), ('ability', 1), ('get', 1), ('in-person', 1), ('class', 1), ('(math', 1), ('1120,', 1), ('lec', 1)]",0,"[('phys', 2), ('math', 1), ('2210', 1), ('2207', 1), ('final', 1), ('1112', 1), ('grades', 1), ('econ', 1), ('3110', 1), ('spot', 1)]",8,541.0,16,0.9400000000000001
Post 23,Compilation of every ivy’s 2020 academic calendar around finals and study days T-T,https://www.reddit.com/gallery/ke65zm,ke65zm,3,"[('i', 9), ('get', 5), ('still', 4), ('classes', 3), ('how', 3), ('right', 2), ('don’t', 2), ('academic', 2), ('cornell', 2), ('-', 2)]",-1,"[('i', 6), ('due', 2), ('still', 2), ('get', 2), ('will', 1), (""semester's"", 1), ('covid-19', 1), ('surveillance', 1), ('tests', 1), ('curved?', 1)]",3,"[('i', 9), ('get', 5), ('still', 4), ('classes', 3), ('how', 3), ('right', 2), ('don’t', 2), ('academic', 2), ('cornell', 2), ('-', 2)]",9,960.0,17,0.8200000000000001
Post 24,I WANT TO LEARN HOW TO PLAY THE PIANO,https://www.reddit.com/r/Cornell/comments/kdxx1q/i_want_to_learn_how_to_play_the_piano/,kdxx1q,-1,"[('to', 3), ('i', 2), ('how', 2), ('cornell', 2), ('lab', 2), ('cs', 2), ('thanks', 1), ('martha', 1), ('that’s', 1), ('b', 1)]",2,"[('to', 2), ('mr.', 1), ('squiggles', 1), ('co', 1), ('wants', 1), ('remember', 1), ('kind', 1), ('yourself!', 1), ('i', 1), ('want', 1)]",-1,"[('to', 3), ('i', 2), ('how', 2), ('cornell', 2), ('lab', 2), ('cs', 2), ('thanks', 1), ('martha', 1), ('that’s', 1), ('b', 1)]",9,396.0,15,1.0
Post 25,How many tabs do you have open right now?,https://www.reddit.com/r/Cornell/comments/ke0wir/how_many_tabs_do_you_have_open_right_now/,ke0wir,3,"[('i', 9), ('get', 5), ('still', 4), ('classes', 3), ('how', 3), ('right', 2), ('don’t', 2), ('academic', 2), ('cornell', 2), ('-', 2)]",8,"[('classes', 4), ('cornell', 4), ('i', 3), ('end', 2), ('like', 2), ('right', 2), ('lecture', 1), ('last', 1), ('day', 1), ('olive', 1)]",3,"[('i', 9), ('get', 5), ('still', 4), ('classes', 3), ('how', 3), ('right', 2), ('don’t', 2), ('academic', 2), ('cornell', 2), ('-', 2)]",3,571.0,13,1.0
Post 26,"RIP my ability to get an in-person class (MATH 1120, lec 002)",https://i.redd.it/ay36ufkrif561.png,kdwfea,3,"[('i', 9), ('get', 5), ('still', 4), ('classes', 3), ('how', 3), ('right', 2), ('don’t', 2), ('academic', 2), ('cornell', 2), ('-', 2)]",10,"[('math', 2), ('2210', 1), ('rip', 1), ('ability', 1), ('get', 1), ('in-person', 1), ('class', 1), ('(math', 1), ('1120,', 1), ('lec', 1)]",3,"[('i', 9), ('get', 5), ('still', 4), ('classes', 3), ('how', 3), ('right', 2), ('don’t', 2), ('academic', 2), ('cornell', 2), ('-', 2)]",3,315.0,13,0.93
Post 27,Phys 2207 final,https://www.reddit.com/r/Cornell/comments/kdubnn/phys_2207_final/,kdubnn,0,"[('phys', 2), ('math', 1), ('2210', 1), ('2207', 1), ('final', 1), ('1112', 1), ('grades', 1), ('econ', 1), ('3110', 1), ('spot', 1)]",13,"[('phys', 3), ('2207', 1), ('final', 1), ('1112', 1), ('grades', 1), ('2208', 1), ('needs', 1), ('sections!!', 1)]",0,"[('phys', 2), ('math', 1), ('2210', 1), ('2207', 1), ('final', 1), ('1112', 1), ('grades', 1), ('econ', 1), ('3110', 1), ('spot', 1)]",8,205.0,10,0.86
Post 28,biomg 2800 third prelim...,https://www.reddit.com/r/Cornell/comments/kdr2hd/biomg_2800_third_prelim/,kdr2hd,1,"[('biomg', 2), ('prelim', 2), ('3310', 1), ('final', 1), ('2800', 1), ('third', 1), ('prelim...', 1), ('aem2100', 1), ('3', 1)]",9,"[('biomg', 2), ('prelim', 2), ('3310', 1), ('final', 1), ('2800', 1), ('third', 1), ('prelim...', 1), ('aem2100', 1), ('3', 1)]",1,"[('biomg', 2), ('prelim', 2), ('3310', 1), ('final', 1), ('2800', 1), ('third', 1), ('prelim...', 1), ('aem2100', 1), ('3', 1)]",10,46.0,10,1.0
Post 29,Canvas Test Submission Question,https://www.reddit.com/r/Cornell/comments/kdsr8y/canvas_test_submission_question/,kdsr8y,-1,"[('to', 3), ('i', 2), ('how', 2), ('cornell', 2), ('lab', 2), ('cs', 2), ('thanks', 1), ('martha', 1), ('that’s', 1), ('b', 1)]",-1,"[('i', 6), ('due', 2), ('still', 2), ('get', 2), ('will', 1), (""semester's"", 1), ('covid-19', 1), ('surveillance', 1), ('tests', 1), ('curved?', 1)]",-1,"[('to', 3), ('i', 2), ('how', 2), ('cornell', 2), ('lab', 2), ('cs', 2), ('thanks', 1), ('martha', 1), ('that’s', 1), ('b', 1)]",1,129.0,9,1.0
Post 30,"If I get a C in a class that a C+ is required in, will they be flexible and let me affiliate?",https://www.reddit.com/r/Cornell/comments/kdrd7e/if_i_get_a_c_in_a_class_that_a_c_is_required_in/,kdrd7e,3,"[('i', 9), ('get', 5), ('still', 4), ('classes', 3), ('how', 3), ('right', 2), ('don’t', 2), ('academic', 2), ('cornell', 2), ('-', 2)]",8,"[('classes', 4), ('cornell', 4), ('i', 3), ('end', 2), ('like', 2), ('right', 2), ('lecture', 1), ('last', 1), ('day', 1), ('olive', 1)]",3,"[('i', 9), ('get', 5), ('still', 4), ('classes', 3), ('how', 3), ('right', 2), ('don’t', 2), ('academic', 2), ('cornell', 2), ('-', 2)]",4,61.0,8,0.8300000000000001
Post 31,orgo2+ orgo lab & genetics+genetics lab,https://www.reddit.com/r/Cornell/comments/ke1eht/orgo2_orgo_lab_geneticsgenetics_lab/,ke1eht,-1,"[('to', 3), ('i', 2), ('how', 2), ('cornell', 2), ('lab', 2), ('cs', 2), ('thanks', 1), ('martha', 1), ('that’s', 1), ('b', 1)]",0,"[('how', 2), ('lab', 2), ('thanks', 1), ('martha', 1), ('brought', 1), ('damaged', 1), ('cornea.', 1), (""don't"", 1), ('look', 1), ('light...', 1)]",-1,"[('to', 3), ('i', 2), ('how', 2), ('cornell', 2), ('lab', 2), ('cs', 2), ('thanks', 1), ('martha', 1), ('that’s', 1), ('b', 1)]",6,601.0,7,1.0
Post 32,Phys 1112 Grades,https://www.reddit.com/r/Cornell/comments/kdwu4q/phys_1112_grades/,kdwu4q,0,"[('phys', 2), ('math', 1), ('2210', 1), ('2207', 1), ('final', 1), ('1112', 1), ('grades', 1), ('econ', 1), ('3110', 1), ('spot', 1)]",13,"[('phys', 3), ('2207', 1), ('final', 1), ('1112', 1), ('grades', 1), ('2208', 1), ('needs', 1), ('sections!!', 1)]",0,"[('phys', 2), ('math', 1), ('2210', 1), ('2207', 1), ('final', 1), ('1112', 1), ('grades', 1), ('econ', 1), ('3110', 1), ('spot', 1)]",1,336.0,8,0.8300000000000001
Post 33,Chances of getting into MATH 4710?,https://www.reddit.com/r/Cornell/comments/kdw2ox/chances_of_getting_into_math_4710/,kdw2ox,-1,"[('to', 3), ('i', 2), ('how', 2), ('cornell', 2), ('lab', 2), ('cs', 2), ('thanks', 1), ('martha', 1), ('that’s', 1), ('b', 1)]",10,"[('math', 2), ('2210', 1), ('rip', 1), ('ability', 1), ('get', 1), ('in-person', 1), ('class', 1), ('(math', 1), ('1120,', 1), ('lec', 1)]",-1,"[('to', 3), ('i', 2), ('how', 2), ('cornell', 2), ('lab', 2), ('cs', 2), ('thanks', 1), ('martha', 1), ('that’s', 1), ('b', 1)]",0,295.0,6,0.8
Post 34,Any good alternatives for STSCI 2150,https://www.reddit.com/r/Cornell/comments/kdt3v1/any_good_alternatives_for_stsci_2150/,kdt3v1,4,"[('good', 5), ('alternatives', 5), ('stsci', 5), ('2150', 5), ('any', 1)]",7,"[('good', 5), ('alternatives', 5), ('stsci', 5), ('2150', 5), ('any', 2), ('psychiatrists', 1), ('immediate', 1), ('open', 1), ('appointment', 1), ('time?', 1)]",4,"[('good', 5), ('alternatives', 5), ('stsci', 5), ('2150', 5), ('any', 1)]",4,145.0,7,1.0
Post 35,What happens if you don’t pay your parking ticket?,https://www.reddit.com/r/Cornell/comments/ke5ari/what_happens_if_you_dont_pay_your_parking_ticket/,ke5ari,3,"[('i', 9), ('get', 5), ('still', 4), ('classes', 3), ('how', 3), ('right', 2), ('don’t', 2), ('academic', 2), ('cornell', 2), ('-', 2)]",-1,"[('i', 6), ('due', 2), ('still', 2), ('get', 2), ('will', 1), (""semester's"", 1), ('covid-19', 1), ('surveillance', 1), ('tests', 1), ('curved?', 1)]",3,"[('i', 9), ('get', 5), ('still', 4), ('classes', 3), ('how', 3), ('right', 2), ('don’t', 2), ('academic', 2), ('cornell', 2), ('-', 2)]",8,883.0,7,1.0
Post 36,PHYS 2208 needs more sections!!,https://www.reddit.com/r/Cornell/comments/ke378u/phys_2208_needs_more_sections/,ke378u,3,"[('i', 9), ('get', 5), ('still', 4), ('classes', 3), ('how', 3), ('right', 2), ('don’t', 2), ('academic', 2), ('cornell', 2), ('-', 2)]",13,"[('phys', 3), ('2207', 1), ('final', 1), ('1112', 1), ('grades', 1), ('2208', 1), ('needs', 1), ('sections!!', 1)]",3,"[('i', 9), ('get', 5), ('still', 4), ('classes', 3), ('how', 3), ('right', 2), ('don’t', 2), ('academic', 2), ('cornell', 2), ('-', 2)]",0,720.0,6,0.75
Post 37,Anyone know anything about AMST 1101?,https://www.reddit.com/r/Cornell/comments/kdq4lm/anyone_know_anything_about_amst_1101/,kdq4lm,5,"[('anyone', 2), ('know', 1), ('anything', 1), ('amst', 1), ('1101?', 1), ('currently', 1), ('aem', 1), ('4670', 1)]",3,"[('anyone', 3), ('know', 1), ('anything', 1), ('amst', 1), ('1101?', 1), ('subletting', 1), ('week?', 1), ('currently', 1), ('aem', 1), ('4670', 1)]",5,"[('anyone', 2), ('know', 1), ('anything', 1), ('amst', 1), ('1101?', 1), ('currently', 1), ('aem', 1), ('4670', 1)]",0,0.0,5,0.86
Post 38,Best course to fulfill Bio Requirement?,https://www.reddit.com/r/Cornell/comments/keac9q/best_course_to_fulfill_bio_requirement/,keac9q,-1,"[('to', 3), ('i', 2), ('how', 2), ('cornell', 2), ('lab', 2), ('cs', 2), ('thanks', 1), ('martha', 1), ('that’s', 1), ('b', 1)]",6,"[('best', 2), ('course', 1), ('fulfill', 1), ('bio', 1), ('requirement?', 1), ('way', 1), ('get', 1), ('thompkins', 1), ('airport', 1), ('5:30', 1)]",-1,"[('to', 3), ('i', 2), ('how', 2), ('cornell', 2), ('lab', 2), ('cs', 2), ('thanks', 1), ('martha', 1), ('that’s', 1), ('b', 1)]",2,1267.0,5,1.0
Post 39,Best way to get to thompkins airport by 5:30 am?,https://www.reddit.com/r/Cornell/comments/ke6lrt/best_way_to_get_to_thompkins_airport_by_530_am/,ke6lrt,3,"[('i', 9), ('get', 5), ('still', 4), ('classes', 3), ('how', 3), ('right', 2), ('don’t', 2), ('academic', 2), ('cornell', 2), ('-', 2)]",6,"[('best', 2), ('course', 1), ('fulfill', 1), ('bio', 1), ('requirement?', 1), ('way', 1), ('get', 1), ('thompkins', 1), ('airport', 1), ('5:30', 1)]",3,"[('i', 9), ('get', 5), ('still', 4), ('classes', 3), ('how', 3), ('right', 2), ('don’t', 2), ('academic', 2), ('cornell', 2), ('-', 2)]",3,998.0,5,1.0
Post 40,Doing Research,https://www.reddit.com/r/Cornell/comments/kdt4nx/doing_research/,kdt4nx,-1,"[('to', 3), ('i', 2), ('how', 2), ('cornell', 2), ('lab', 2), ('cs', 2), ('thanks', 1), ('martha', 1), ('that’s', 1), ('b', 1)]",4,"[('internal', 2), ('transfer', 2), ('doing', 1), ('research', 1), ('how', 1), ('dyson', 1), ('school', 1), ('work?', 1), ('econ', 1), ('3110', 1)]",-1,"[('to', 3), ('i', 2), ('how', 2), ('cornell', 2), ('lab', 2), ('cs', 2), ('thanks', 1), ('martha', 1), ('that’s', 1), ('b', 1)]",4,146.0,6,1.0
Post 41,Is it possible to apply for financial aid for Spring 2021 semester?,https://www.reddit.com/r/Cornell/comments/kdraon/is_it_possible_to_apply_for_financial_aid_for/,kdraon,3,"[('i', 9), ('get', 5), ('still', 4), ('classes', 3), ('how', 3), ('right', 2), ('don’t', 2), ('academic', 2), ('cornell', 2), ('-', 2)]",5,"[('spring', 2), ('2021', 2), ('is', 1), ('possible', 1), ('apply', 1), ('financial', 1), ('aid', 1), ('semester?', 1), ('near', 1), ('campus', 1)]",3,"[('i', 9), ('get', 5), ('still', 4), ('classes', 3), ('how', 3), ('right', 2), ('don’t', 2), ('academic', 2), ('cornell', 2), ('-', 2)]",1,57.0,6,1.0
Post 42,Any psychiatrists with immediate open appointment time?,https://www.reddit.com/r/Cornell/comments/kec8tg/any_psychiatrists_with_immediate_open_appointment/,kec8tg,2,"[('f', 1), ('chat', 1), ('dr.', 1), ('haskins', 1), ('any', 1), ('psychiatrists', 1), ('immediate', 1), ('open', 1), ('appointment', 1), ('time?', 1)]",7,"[('good', 5), ('alternatives', 5), ('stsci', 5), ('2150', 5), ('any', 2), ('psychiatrists', 1), ('immediate', 1), ('open', 1), ('appointment', 1), ('time?', 1)]",2,"[('f', 1), ('chat', 1), ('dr.', 1), ('haskins', 1), ('any', 1), ('psychiatrists', 1), ('immediate', 1), ('open', 1), ('appointment', 1), ('time?', 1)]",1,1371.0,8,1.0
Post 43,Anyone subletting for a week?,https://www.reddit.com/r/Cornell/comments/ke9exe/anyone_subletting_for_a_week/,ke9exe,-1,"[('to', 3), ('i', 2), ('how', 2), ('cornell', 2), ('lab', 2), ('cs', 2), ('thanks', 1), ('martha', 1), ('that’s', 1), ('b', 1)]",3,"[('anyone', 3), ('know', 1), ('anything', 1), ('amst', 1), ('1101?', 1), ('subletting', 1), ('week?', 1), ('currently', 1), ('aem', 1), ('4670', 1)]",-1,"[('to', 3), ('i', 2), ('how', 2), ('cornell', 2), ('lab', 2), ('cs', 2), ('thanks', 1), ('martha', 1), ('that’s', 1), ('b', 1)]",0,1213.0,5,0.86
Post 44,How does the Dyson school work?,https://www.reddit.com/r/Cornell/comments/ke53v4/how_does_the_dyson_school_work/,ke53v4,3,"[('i', 9), ('get', 5), ('still', 4), ('classes', 3), ('how', 3), ('right', 2), ('don’t', 2), ('academic', 2), ('cornell', 2), ('-', 2)]",4,"[('internal', 2), ('transfer', 2), ('doing', 1), ('research', 1), ('how', 1), ('dyson', 1), ('school', 1), ('work?', 1), ('econ', 1), ('3110', 1)]",3,"[('i', 9), ('get', 5), ('still', 4), ('classes', 3), ('how', 3), ('right', 2), ('don’t', 2), ('academic', 2), ('cornell', 2), ('-', 2)]",2,867.0,2,0.67
Post 45,Anyone here currently in AEM 4670,https://www.reddit.com/r/Cornell/comments/ke1p95/anyone_here_currently_in_aem_4670/,ke1p95,5,"[('anyone', 2), ('know', 1), ('anything', 1), ('amst', 1), ('1101?', 1), ('currently', 1), ('aem', 1), ('4670', 1)]",3,"[('anyone', 3), ('know', 1), ('anything', 1), ('amst', 1), ('1101?', 1), ('subletting', 1), ('week?', 1), ('currently', 1), ('aem', 1), ('4670', 1)]",5,"[('anyone', 2), ('know', 1), ('anything', 1), ('amst', 1), ('1101?', 1), ('currently', 1), ('aem', 1), ('4670', 1)]",0,620.0,4,1.0
Post 46,Feedback on my schedule...freshman BME premed,https://www.reddit.com/r/Cornell/comments/ke05yt/feedback_on_my_schedulefreshman_bme_premed/,ke05yt,-1,"[('to', 3), ('i', 2), ('how', 2), ('cornell', 2), ('lab', 2), ('cs', 2), ('thanks', 1), ('martha', 1), ('that’s', 1), ('b', 1)]",-1,"[('i', 6), ('due', 2), ('still', 2), ('get', 2), ('will', 1), (""semester's"", 1), ('covid-19', 1), ('surveillance', 1), ('tests', 1), ('curved?', 1)]",-1,"[('to', 3), ('i', 2), ('how', 2), ('cornell', 2), ('lab', 2), ('cs', 2), ('thanks', 1), ('martha', 1), ('that’s', 1), ('b', 1)]",4,527.0,2,0.63
Post 47,Spring 2021 Near Campus Rentals - Repost,https://www.reddit.com/r/Cornell/comments/kdyyzh/spring_2021_near_campus_rentals_repost/,kdyyzh,3,"[('i', 9), ('get', 5), ('still', 4), ('classes', 3), ('how', 3), ('right', 2), ('don’t', 2), ('academic', 2), ('cornell', 2), ('-', 2)]",5,"[('spring', 2), ('2021', 2), ('is', 1), ('possible', 1), ('apply', 1), ('financial', 1), ('aid', 1), ('semester?', 1), ('near', 1), ('campus', 1)]",3,"[('i', 9), ('get', 5), ('still', 4), ('classes', 3), ('how', 3), ('right', 2), ('don’t', 2), ('academic', 2), ('cornell', 2), ('-', 2)]",0,457.0,5,0.72
Post 48,Econ 3110 spot,https://www.reddit.com/r/Cornell/comments/kdtdvb/econ_3110_spot/,kdtdvb,0,"[('phys', 2), ('math', 1), ('2210', 1), ('2207', 1), ('final', 1), ('1112', 1), ('grades', 1), ('econ', 1), ('3110', 1), ('spot', 1)]",4,"[('internal', 2), ('transfer', 2), ('doing', 1), ('research', 1), ('how', 1), ('dyson', 1), ('school', 1), ('work?', 1), ('econ', 1), ('3110', 1)]",0,"[('phys', 2), ('math', 1), ('2210', 1), ('2207', 1), ('final', 1), ('1112', 1), ('grades', 1), ('econ', 1), ('3110', 1), ('spot', 1)]",2,158.0,4,1.0
Post 49,Archery TR 11:20-12:05pm,https://www.reddit.com/r/Cornell/comments/kds68h/archery_tr_11201205pm/,kds68h,-1,"[('to', 3), ('i', 2), ('how', 2), ('cornell', 2), ('lab', 2), ('cs', 2), ('thanks', 1), ('martha', 1), ('that’s', 1), ('b', 1)]",4,"[('internal', 2), ('transfer', 2), ('doing', 1), ('research', 1), ('how', 1), ('dyson', 1), ('school', 1), ('work?', 1), ('econ', 1), ('3110', 1)]",-1,"[('to', 3), ('i', 2), ('how', 2), ('cornell', 2), ('lab', 2), ('cs', 2), ('thanks', 1), ('martha', 1), ('that’s', 1), ('b', 1)]",0,99.0,4,0.7000000000000001
Post 50,Someone left a monolith in the park near my house.,/r/ithaca/comments/keckcr/someone_left_a_monolith_in_the_park_near_my_house/,kecnh3,-1,"[('to', 3), ('i', 2), ('how', 2), ('cornell', 2), ('lab', 2), ('cs', 2), ('thanks', 1), ('martha', 1), ('that’s', 1), ('b', 1)]",-1,"[('i', 6), ('due', 2), ('still', 2), ('get', 2), ('will', 1), (""semester's"", 1), ('covid-19', 1), ('surveillance', 1), ('tests', 1), ('curved?', 1)]",-1,"[('to', 3), ('i', 2), ('how', 2), ('cornell', 2), ('lab', 2), ('cs', 2), ('thanks', 1), ('martha', 1), ('that’s', 1), ('b', 1)]",1,1392.0,7,1.0
Post 51,NTRES 4200 Forest Ecology Final?,https://www.reddit.com/r/Cornell/comments/ke7hxd/ntres_4200_forest_ecology_final/,ke7hxd,-1,"[('to', 3), ('i', 2), ('how', 2), ('cornell', 2), ('lab', 2), ('cs', 2), ('thanks', 1), ('martha', 1), ('that’s', 1), ('b', 1)]",-1,"[('i', 6), ('due', 2), ('still', 2), ('get', 2), ('will', 1), (""semester's"", 1), ('covid-19', 1), ('surveillance', 1), ('tests', 1), ('curved?', 1)]",-1,"[('to', 3), ('i', 2), ('how', 2), ('cornell', 2), ('lab', 2), ('cs', 2), ('thanks', 1), ('martha', 1), ('that’s', 1), ('b', 1)]",0,1072.0,3,1.0
Post 52,internal transfer to Arts and Sciences?,https://www.reddit.com/r/Cornell/comments/ke2mqv/internal_transfer_to_arts_and_sciences/,ke2mqv,3,"[('i', 9), ('get', 5), ('still', 4), ('classes', 3), ('how', 3), ('right', 2), ('don’t', 2), ('academic', 2), ('cornell', 2), ('-', 2)]",4,"[('internal', 2), ('transfer', 2), ('doing', 1), ('research', 1), ('how', 1), ('dyson', 1), ('school', 1), ('work?', 1), ('econ', 1), ('3110', 1)]",3,"[('i', 9), ('get', 5), ('still', 4), ('classes', 3), ('how', 3), ('right', 2), ('don’t', 2), ('academic', 2), ('cornell', 2), ('-', 2)]",3,681.0,2,0.63
Post 53,MechE probability and stats requirement and math elective,https://www.reddit.com/r/Cornell/comments/ke28te/meche_probability_and_stats_requirement_and_math/,ke28te,3,"[('i', 9), ('get', 5), ('still', 4), ('classes', 3), ('how', 3), ('right', 2), ('don’t', 2), ('academic', 2), ('cornell', 2), ('-', 2)]",-1,"[('i', 6), ('due', 2), ('still', 2), ('get', 2), ('will', 1), (""semester's"", 1), ('covid-19', 1), ('surveillance', 1), ('tests', 1), ('curved?', 1)]",3,"[('i', 9), ('get', 5), ('still', 4), ('classes', 3), ('how', 3), ('right', 2), ('don’t', 2), ('academic', 2), ('cornell', 2), ('-', 2)]",0,655.0,3,1.0
Post 54,Is two classes are offered at the same time but both are online can we petition to still enrol in both? Or do one of the classes have to be async?,https://www.reddit.com/r/Cornell/comments/kdzo8d/is_two_classes_are_offered_at_the_same_time_but/,kdzo8d,3,"[('i', 9), ('get', 5), ('still', 4), ('classes', 3), ('how', 3), ('right', 2), ('don’t', 2), ('academic', 2), ('cornell', 2), ('-', 2)]",8,"[('classes', 4), ('cornell', 4), ('i', 3), ('end', 2), ('like', 2), ('right', 2), ('lecture', 1), ('last', 1), ('day', 1), ('olive', 1)]",3,"[('i', 9), ('get', 5), ('still', 4), ('classes', 3), ('how', 3), ('right', 2), ('don’t', 2), ('academic', 2), ('cornell', 2), ('-', 2)]",3,498.0,3,0.71
Post 55,AEM2100 prelim 3,https://www.reddit.com/r/Cornell/comments/keco6y/aem2100_prelim_3/,keco6y,1,"[('biomg', 2), ('prelim', 2), ('3310', 1), ('final', 1), ('2800', 1), ('third', 1), ('prelim...', 1), ('aem2100', 1), ('3', 1)]",9,"[('biomg', 2), ('prelim', 2), ('3310', 1), ('final', 1), ('2800', 1), ('third', 1), ('prelim...', 1), ('aem2100', 1), ('3', 1)]",1,"[('biomg', 2), ('prelim', 2), ('3310', 1), ('final', 1), ('2800', 1), ('third', 1), ('prelim...', 1), ('aem2100', 1), ('3', 1)]",3,1393.0,5,1.0
Post 56,Internal transfer,https://www.reddit.com/r/Cornell/comments/keaobd/internal_transfer/,keaobd,-1,"[('to', 3), ('i', 2), ('how', 2), ('cornell', 2), ('lab', 2), ('cs', 2), ('thanks', 1), ('martha', 1), ('that’s', 1), ('b', 1)]",4,"[('internal', 2), ('transfer', 2), ('doing', 1), ('research', 1), ('how', 1), ('dyson', 1), ('school', 1), ('work?', 1), ('econ', 1), ('3110', 1)]",-1,"[('to', 3), ('i', 2), ('how', 2), ('cornell', 2), ('lab', 2), ('cs', 2), ('thanks', 1), ('martha', 1), ('that’s', 1), ('b', 1)]",1,1286.0,1,0.67
Post 57,Biog 1440 Alternate time,https://www.reddit.com/r/Cornell/comments/keageb/biog_1440_alternate_time/,keageb,-1,"[('to', 3), ('i', 2), ('how', 2), ('cornell', 2), ('lab', 2), ('cs', 2), ('thanks', 1), ('martha', 1), ('that’s', 1), ('b', 1)]",7,"[('good', 5), ('alternatives', 5), ('stsci', 5), ('2150', 5), ('any', 2), ('psychiatrists', 1), ('immediate', 1), ('open', 1), ('appointment', 1), ('time?', 1)]",-1,"[('to', 3), ('i', 2), ('how', 2), ('cornell', 2), ('lab', 2), ('cs', 2), ('thanks', 1), ('martha', 1), ('that’s', 1), ('b', 1)]",0,1273.0,4,1.0
Post 58,CS 1110 Enrollment,https://www.reddit.com/r/Cornell/comments/ke34ee/cs_1110_enrollment/,ke34ee,-1,"[('to', 3), ('i', 2), ('how', 2), ('cornell', 2), ('lab', 2), ('cs', 2), ('thanks', 1), ('martha', 1), ('that’s', 1), ('b', 1)]",11,"[('1110', 2), ('still', 1), ('don’t', 1), ('internship', 1), ('(cs)', 1), ('cs', 1), ('enrollment', 1), ('which', 1), ('easier?', 1), ('math', 1)]",-1,"[('to', 3), ('i', 2), ('how', 2), ('cornell', 2), ('lab', 2), ('cs', 2), ('thanks', 1), ('martha', 1), ('that’s', 1), ('b', 1)]",3,714.0,2,1.0
Post 59,Phil 1920,https://www.reddit.com/r/Cornell/comments/kdxhrm/phil_1920/,kdxhrm,-1,"[('to', 3), ('i', 2), ('how', 2), ('cornell', 2), ('lab', 2), ('cs', 2), ('thanks', 1), ('martha', 1), ('that’s', 1), ('b', 1)]",1,"[('phil', 1), ('1920', 1), ('to', 1), ('syracuse', 1), ('18th?', 1)]",-1,"[('to', 3), ('i', 2), ('how', 2), ('cornell', 2), ('lab', 2), ('cs', 2), ('thanks', 1), ('martha', 1), ('that’s', 1), ('b', 1)]",1,372.0,2,1.0
Post 60,CS 2110 as an Outside ECE elective,https://www.reddit.com/r/Cornell/comments/kdw1vq/cs_2110_as_an_outside_ece_elective/,kdw1vq,-1,"[('to', 3), ('i', 2), ('how', 2), ('cornell', 2), ('lab', 2), ('cs', 2), ('thanks', 1), ('martha', 1), ('that’s', 1), ('b', 1)]",12,"[('2110', 2), ('should', 1), ('i', 1), ('take', 1), ('final?', 1), ('cs', 1), ('outside', 1), ('ece', 1), ('elective', 1)]",-1,"[('to', 3), ('i', 2), ('how', 2), ('cornell', 2), ('lab', 2), ('cs', 2), ('thanks', 1), ('martha', 1), ('that’s', 1), ('b', 1)]",1,294.0,2,1.0
Post 61,Letters to my Son,https://www.reddit.com/r/Cornell/comments/ked11h/letters_to_my_son/,ked11h,-1,"[('to', 3), ('i', 2), ('how', 2), ('cornell', 2), ('lab', 2), ('cs', 2), ('thanks', 1), ('martha', 1), ('that’s', 1), ('b', 1)]",-1,"[('i', 6), ('due', 2), ('still', 2), ('get', 2), ('will', 1), (""semester's"", 1), ('covid-19', 1), ('surveillance', 1), ('tests', 1), ('curved?', 1)]",-1,"[('to', 3), ('i', 2), ('how', 2), ('cornell', 2), ('lab', 2), ('cs', 2), ('thanks', 1), ('martha', 1), ('that’s', 1), ('b', 1)]",1,1411.0,5,0.86
Post 62,To Syracuse 18th?,https://www.reddit.com/r/Cornell/comments/kecdn7/to_syracuse_18th/,kecdn7,-1,"[('to', 3), ('i', 2), ('how', 2), ('cornell', 2), ('lab', 2), ('cs', 2), ('thanks', 1), ('martha', 1), ('that’s', 1), ('b', 1)]",1,"[('phil', 1), ('1920', 1), ('to', 1), ('syracuse', 1), ('18th?', 1)]",-1,"[('to', 3), ('i', 2), ('how', 2), ('cornell', 2), ('lab', 2), ('cs', 2), ('thanks', 1), ('martha', 1), ('that’s', 1), ('b', 1)]",0,1378.0,1,1.0
Post 63,Chem 2070 Submitting Wrong Form,https://www.reddit.com/r/Cornell/comments/kdwrxn/chem_2070_submitting_wrong_form/,kdwrxn,3,"[('i', 9), ('get', 5), ('still', 4), ('classes', 3), ('how', 3), ('right', 2), ('don’t', 2), ('academic', 2), ('cornell', 2), ('-', 2)]",-1,"[('i', 6), ('due', 2), ('still', 2), ('get', 2), ('will', 1), (""semester's"", 1), ('covid-19', 1), ('surveillance', 1), ('tests', 1), ('curved?', 1)]",3,"[('i', 9), ('get', 5), ('still', 4), ('classes', 3), ('how', 3), ('right', 2), ('don’t', 2), ('academic', 2), ('cornell', 2), ('-', 2)]",0,333.0,1,0.5700000000000001
Post 64,Good alternatives for STSCI 2150,https://www.reddit.com/r/Cornell/comments/kdt2gz/good_alternatives_for_stsci_2150/,kdt2gz,4,"[('good', 5), ('alternatives', 5), ('stsci', 5), ('2150', 5), ('any', 1)]",7,"[('good', 5), ('alternatives', 5), ('stsci', 5), ('2150', 5), ('any', 2), ('psychiatrists', 1), ('immediate', 1), ('open', 1), ('appointment', 1), ('time?', 1)]",4,"[('good', 5), ('alternatives', 5), ('stsci', 5), ('2150', 5), ('any', 1)]",0,144.0,1,1.0
Post 65,Good alternatives for STSCI 2150,https://www.reddit.com/r/Cornell/comments/kdt262/good_alternatives_for_stsci_2150/,kdt262,4,"[('good', 5), ('alternatives', 5), ('stsci', 5), ('2150', 5), ('any', 1)]",7,"[('good', 5), ('alternatives', 5), ('stsci', 5), ('2150', 5), ('any', 2), ('psychiatrists', 1), ('immediate', 1), ('open', 1), ('appointment', 1), ('time?', 1)]",4,"[('good', 5), ('alternatives', 5), ('stsci', 5), ('2150', 5), ('any', 1)]",0,144.0,1,1.0
Post 66,Good alternatives for STSCI 2150,https://www.reddit.com/r/Cornell/comments/kdt1zf/good_alternatives_for_stsci_2150/,kdt1zf,4,"[('good', 5), ('alternatives', 5), ('stsci', 5), ('2150', 5), ('any', 1)]",7,"[('good', 5), ('alternatives', 5), ('stsci', 5), ('2150', 5), ('any', 2), ('psychiatrists', 1), ('immediate', 1), ('open', 1), ('appointment', 1), ('time?', 1)]",4,"[('good', 5), ('alternatives', 5), ('stsci', 5), ('2150', 5), ('any', 1)]",0,143.0,1,1.0
Post 67,Good alternatives for STSCI 2150,https://www.reddit.com/r/Cornell/comments/kdt1vv/good_alternatives_for_stsci_2150/,kdt1vv,4,"[('good', 5), ('alternatives', 5), ('stsci', 5), ('2150', 5), ('any', 1)]",7,"[('good', 5), ('alternatives', 5), ('stsci', 5), ('2150', 5), ('any', 2), ('psychiatrists', 1), ('immediate', 1), ('open', 1), ('appointment', 1), ('time?', 1)]",4,"[('good', 5), ('alternatives', 5), ('stsci', 5), ('2150', 5), ('any', 1)]",0,143.0,1,1.0
Post 68,"I just applied to cornell. I want to send in an additional letter of recommendation, can I still do it? Because the applications due January 2nd but I already submitted mine. Can I still get the rec as long as I get it before January?",https://www.reddit.com/r/Cornell/comments/kecn92/i_just_applied_to_cornell_i_want_to_send_in_an/,kecn92,3,"[('i', 9), ('get', 5), ('still', 4), ('classes', 3), ('how', 3), ('right', 2), ('don’t', 2), ('academic', 2), ('cornell', 2), ('-', 2)]",-1,"[('i', 6), ('due', 2), ('still', 2), ('get', 2), ('will', 1), (""semester's"", 1), ('covid-19', 1), ('surveillance', 1), ('tests', 1), ('curved?', 1)]",3,"[('i', 9), ('get', 5), ('still', 4), ('classes', 3), ('how', 3), ('right', 2), ('don’t', 2), ('academic', 2), ('cornell', 2), ('-', 2)]",2,1391.0,0,0.33
Post 69,Which is Easier? Math 1106 vs 1110,https://www.reddit.com/r/Cornell/comments/kdsahq/which_is_easier_math_1106_vs_1110/,kdsahq,3,"[('i', 9), ('get', 5), ('still', 4), ('classes', 3), ('how', 3), ('right', 2), ('don’t', 2), ('academic', 2), ('cornell', 2), ('-', 2)]",11,"[('1110', 2), ('still', 1), ('don’t', 1), ('internship', 1), ('(cs)', 1), ('cs', 1), ('enrollment', 1), ('which', 1), ('easier?', 1), ('math', 1)]",3,"[('i', 9), ('get', 5), ('still', 4), ('classes', 3), ('how', 3), ('right', 2), ('don’t', 2), ('academic', 2), ('cornell', 2), ('-', 2)]",0,105.0,0,0.25
Post 70,humec essay advice,https://www.reddit.com/r/Cornell/comments/kdvks7/humec_essay_advice/,kdvks7,-1,"[('to', 3), ('i', 2), ('how', 2), ('cornell', 2), ('lab', 2), ('cs', 2), ('thanks', 1), ('martha', 1), ('that’s', 1), ('b', 1)]",-1,"[('i', 6), ('due', 2), ('still', 2), ('get', 2), ('will', 1), (""semester's"", 1), ('covid-19', 1), ('surveillance', 1), ('tests', 1), ('curved?', 1)]",-1,"[('to', 3), ('i', 2), ('how', 2), ('cornell', 2), ('lab', 2), ('cs', 2), ('thanks', 1), ('martha', 1), ('that’s', 1), ('b', 1)]",1,269.0,0,0.14
